run_id,grid,variant,seed,trained_on,scored_on,batch,imgsz,epochs_cfg,patience_cfg,precision,recall,map50,map50_95,params_m,gflops,train_time_s,best_epoch,best_map50_95_curve,last_epoch,epochs_trained,patience_gap,patience_fires_epoch,dup_epoch_rows,epoch_regressions,resume_segments,stopper_ref_epoch,stop_reason,admissible,exclude_reason,run_path,train_dir_orig,val_dir_orig,ultralytics_version,torch_version,git_commit,data_yaml,classes,note
pilot_yolov8n_seed0,pilot,yolov8n,0,server_wiped,server_wiped,31,640,100,20,0.7989278990301848,0.557626491974858,0.5843873828828634,0.26506723680317684,3.16,8.9,9677.2,18,0.26372,38,38,20,38,0,0,1,18,early_stop,yes,,runs/pilot_yolov8n_seed0,archive/phase1/pilot_2026-07-31/runs_31_07/runs/benchmark/runs/ship_yolov8n_seed0,,8.4.90,2.12.1+cu126,unknown,runs/derived/data_vis_stride2.yaml,0,
pilot_yolov8n_seed1,pilot,yolov8n,1,server_wiped,server_wiped,31,640,100,20,0.7804243123434894,0.5477100141257667,0.5774641686079126,0.2522464213688858,3.16,8.9,9209.8,16,0.25056,36,36,20,36,0,0,1,16,early_stop,yes,,runs/pilot_yolov8n_seed1,archive/phase1/pilot_2026-07-31/runs_31_07/runs/benchmark/runs/ship_yolov8n_seed1,,8.4.90,2.12.1+cu126,unknown,runs/derived/data_vis_stride2.yaml,0,
pilot_yolov8n_seed2,pilot,yolov8n,2,server_wiped,server_wiped,31,640,100,20,0.7954954021270636,0.5350916278761104,0.5682996208092339,0.24835351213270007,3.16,8.9,14059.8,36,0.24675,56,56,20,56,0,0,1,36,early_stop,yes,,runs/pilot_yolov8n_seed2,archive/phase1/pilot_2026-07-31/runs_31_07/runs/benchmark/runs/ship_yolov8n_seed2,,8.4.90,2.12.1+cu126,unknown,runs/derived/data_vis_stride2.yaml,0,
pilot_yolov8s_seed0,pilot,yolov8s,0,server_wiped,server_wiped,31,640,100,20,0.814051537582381,0.5700457902371043,0.6063367698157147,0.2844086895687773,11.17,28.8,10281.4,14,0.28312,34,34,20,34,0,0,1,14,early_stop,yes,,runs/pilot_yolov8s_seed0,archive/phase1/pilot_2026-07-31/runs_31_07/runs/benchmark/runs/ship_yolov8s_seed0,,8.4.90,2.12.1+cu126,unknown,runs/derived/data_vis_stride2.yaml,0,
pilot_yolov8s_seed1,pilot,yolov8s,1,server_wiped,server_wiped,31,640,100,20,0.8254079017436216,0.5782200868182849,0.6213001352489989,0.28704381741874135,11.17,28.8,8189.7,7,0.28532,27,27,20,27,0,0,1,7,early_stop,yes,,runs/pilot_yolov8s_seed1,archive/phase1/pilot_2026-07-31/runs_31_07/runs/benchmark/runs/ship_yolov8s_seed1,,8.4.90,2.12.1+cu126,unknown,runs/derived/data_vis_stride2.yaml,0,
pilot_yolov8s_seed2,pilot,yolov8s,2,server_wiped,server_wiped,31,640,100,20,0.8154172063363907,0.5640257487130383,0.6081840747453472,0.2826932661944725,11.17,28.8,10854.0,16,0.28085,36,36,20,36,0,0,1,16,early_stop,yes,,runs/pilot_yolov8s_seed2,archive/phase1/pilot_2026-07-31/runs_31_07/runs/benchmark/runs/ship_yolov8s_seed2,,8.4.90,2.12.1+cu126,unknown,runs/derived/data_vis_stride2.yaml,0,
pilot_yolov8m_seed0,pilot,yolov8m,0,server_wiped,server_wiped,31,640,100,20,0.8133939026387893,0.569484065293634,0.6007304135887273,0.28986493665672397,25.9,79.3,13967.6,12,0.28784,32,32,20,32,0,0,1,12,early_stop,yes,,runs/pilot_yolov8m_seed0,archive/phase1/pilot_2026-07-31/runs_31_07/runs/benchmark/runs/ship_yolov8m_seed0,,8.4.90,2.12.1+cu126,unknown,runs/derived/data_vis_stride2.yaml,0,
pilot_yolov8m_seed1,pilot,yolov8m,1,server_wiped,server_wiped,31,640,100,20,0.8101395965396243,0.5927323404214977,0.6222198945975597,0.2957657871685817,25.9,79.3,14049.4,12,0.29368,32,32,20,32,0,0,1,12,early_stop,yes,,runs/pilot_yolov8m_seed1,archive/phase1/pilot_2026-07-31/runs_31_07/runs/benchmark/runs/ship_yolov8m_seed1,,8.4.90,2.12.1+cu126,unknown,runs/derived/data_vis_stride2.yaml,0,
pilot_yolov8m_seed2,pilot,yolov8m,2,server_wiped,server_wiped,31,640,100,20,0.8368488226984335,0.5912626118740401,0.627139924635308,0.304759963652414,25.9,79.3,14858.1,14,0.3029,34,34,20,34,0,0,1,14,early_stop,yes,,runs/pilot_yolov8m_seed2,archive/phase1/pilot_2026-07-31/runs_31_07/runs/benchmark/runs/ship_yolov8m_seed2,,8.4.90,2.12.1+cu126,unknown,runs/derived/data_vis_stride2.yaml,0,
pilot_yolov8l_seed0,pilot,yolov8l,0,server_wiped,server_wiped,31,640,100,20,0.809913703379102,0.585204918421327,0.6122009594569717,0.2942028557825461,43.69,165.7,18087.1,11,0.29238,31,31,20,31,0,0,1,11,early_stop,yes,,runs/pilot_yolov8l_seed0,archive/phase1/pilot_2026-07-31/runs_31_07/runs/benchmark/runs/ship_yolov8l_seed0,,8.4.90,2.12.1+cu126,unknown,runs/derived/data_vis_stride2.yaml,0,
pilot_yolov8l_seed1,pilot,yolov8l,1,server_wiped,server_wiped,31,640,100,20,0.8249427334938754,0.5643855895610249,0.6029282076527838,0.28890546548840584,43.69,165.7,18759.6,12,0.28679,32,32,20,32,0,0,1,12,early_stop,yes,,runs/pilot_yolov8l_seed1,archive/phase1/pilot_2026-07-31/runs_31_07/runs/benchmark/runs/ship_yolov8l_seed1,,8.4.90,2.12.1+cu126,unknown,runs/derived/data_vis_stride2.yaml,0,
pilot_yolov8l_seed2,pilot,yolov8l,2,server_wiped,server_wiped,31,640,100,20,0.8287152259024562,0.5783695641869152,0.6154529177628414,0.28969747715719224,43.69,165.7,23651.4,21,0.28762,41,41,20,41,0,0,1,21,early_stop,yes,,runs/pilot_yolov8l_seed2,archive/phase1/pilot_2026-07-31/runs_31_07/runs/benchmark/runs/ship_yolov8l_seed2,,8.4.90,2.12.1+cu126,unknown,runs/derived/data_vis_stride2.yaml,0,
pilot_yolov8x_seed0,pilot,yolov8x,0,server_wiped,server_wiped,31,640,100,20,0.8101734519663163,0.5952920431167699,0.6256622949133761,0.30032315142230925,68.23,258.5,21268.7,8,0.2984,28,28,20,28,0,0,1,8,early_stop,yes,,runs/pilot_yolov8x_seed0,archive/phase1/pilot_2026-07-31/runs_31_07/runs/benchmark/runs/ship_yolov8x_seed0,,8.4.90,2.12.1+cu126,unknown,runs/derived/data_vis_stride2.yaml,0,
pilot_yolov8x_seed1,pilot,yolov8x,1,server_wiped,server_wiped,31,640,100,20,0.835540595024124,0.5841010401789742,0.6136427838336456,0.3006149683012186,68.23,258.5,26324.7,15,0.29908,35,35,20,35,0,0,1,15,early_stop,yes,,runs/pilot_yolov8x_seed1,archive/phase1/pilot_2026-07-31/runs_31_07/runs/benchmark/runs/ship_yolov8x_seed1,,8.4.90,2.12.1+cu126,unknown,runs/derived/data_vis_stride2.yaml,0,
pilot_yolov8x_seed2,pilot,yolov8x,2,server_wiped,server_wiped,31,640,100,20,0.8000919063857042,0.6021983383206476,0.6306101980108147,0.2987876341806292,68.23,258.5,23295.7,11,0.29701,31,31,20,31,0,0,1,11,early_stop,yes,,runs/pilot_yolov8x_seed2,archive/phase1/pilot_2026-07-31/runs_31_07/runs/benchmark/runs/ship_yolov8x_seed2,,8.4.90,2.12.1+cu126,unknown,runs/derived/data_vis_stride2.yaml,0,
pilot_yolov9t_seed0,pilot,yolov9t,0,server_wiped,server_wiped,31,640,100,20,0.7873898873286482,0.5492932376446943,0.5797032856308368,0.246771005729502,2.13,8.5,22249.4,18,0.24543,38,38,20,38,0,0,1,18,early_stop,yes,,runs/pilot_yolov9t_seed0,archive/phase1/pilot_2026-07-31/runs_31_07/runs/benchmark/runs/ship_yolov9t_seed0,,8.4.90,2.12.1+cu126,unknown,runs/derived/data_vis_stride2.yaml,0,
pilot_yolov9t_seed1,pilot,yolov9t,1,server_wiped,server_wiped,31,640,100,20,0.7887158754129873,0.5554460044937003,0.5859304167324375,0.260448199670149,2.13,8.5,21859.3,16,0.25914,36,36,20,36,0,0,1,16,early_stop,yes,,runs/pilot_yolov9t_seed1,archive/phase1/pilot_2026-07-31/runs_31_07/runs/benchmark/runs/ship_yolov9t_seed1,,8.4.90,2.12.1+cu126,unknown,runs/derived/data_vis_stride2.yaml,0,
pilot_yolov9t_seed2,pilot,yolov9t,2,server_wiped,server_wiped,31,640,100,20,0.808495194549787,0.5495776490552801,0.5937362220988534,0.25858527139957294,2.13,8.5,28804.1,27,0.25714,47,47,20,47,0,0,1,27,early_stop,yes,,runs/pilot_yolov9t_seed2,archive/phase1/pilot_2026-07-31/runs_31_07/runs/benchmark/runs/ship_yolov9t_seed2,,8.4.90,2.12.1+cu126,unknown,runs/derived/data_vis_stride2.yaml,0,
pilot_yolov9s_seed0,pilot,yolov9s,0,server_wiped,server_wiped,31,640,100,20,0.8008044912386619,0.5450916047468165,0.5818516624378416,0.26693137903638925,7.32,27.6,20561.3,12,0.26548,32,32,20,32,0,0,1,12,early_stop,yes,,runs/pilot_yolov9s_seed0,archive/phase1/pilot_2026-07-31/runs_31_07/runs/benchmark/runs/ship_yolov9s_seed0,,8.4.90,2.12.1+cu126,unknown,runs/derived/data_vis_stride2.yaml,0,
pilot_yolov9s_seed1,pilot,yolov9s,1,server_wiped,server_wiped,31,640,100,20,0.8102144229519469,0.5783032015244451,0.6064740622837412,0.2704850038673273,7.32,27.6,21673.9,14,0.26877,34,34,20,34,0,0,1,14,early_stop,yes,,runs/pilot_yolov9s_seed1,archive/phase1/pilot_2026-07-31/runs_31_07/runs/benchmark/runs/ship_yolov9s_seed1,,8.4.90,2.12.1+cu126,unknown,runs/derived/data_vis_stride2.yaml,0,
pilot_yolov9s_seed2,pilot,yolov9s,2,server_wiped,server_wiped,31,640,100,20,0.8187337065395057,0.5732501587963709,0.6108753714540529,0.2771856439810524,7.32,27.6,24118.4,18,0.27581,38,38,20,38,0,0,1,18,early_stop,yes,,runs/pilot_yolov9s_seed2,archive/phase1/pilot_2026-07-31/runs_31_07/runs/benchmark/runs/ship_yolov9s_seed2,,8.4.90,2.12.1+cu126,unknown,runs/derived/data_vis_stride2.yaml,0,
pilot_yolov9m_seed0,pilot,yolov9m,0,server_wiped,server_wiped,31,640,100,20,0.8199451823910198,0.5914145675524503,0.6294154265089777,0.29409400103349054,20.22,77.9,22013.6,13,0.29183,33,33,20,33,0,0,1,13,early_stop,yes,,runs/pilot_yolov9m_seed0,archive/phase1/pilot_2026-07-31/runs_31_07/runs/benchmark/runs/ship_yolov9m_seed0,,8.4.90,2.12.1+cu126,unknown,runs/derived/data_vis_stride2.yaml,0,
pilot_yolov9m_seed1,pilot,yolov9m,1,server_wiped,server_wiped,31,640,100,20,0.8120382748502986,0.5887222904757675,0.6241543102402164,0.2832887178014073,20.22,77.9,19997.4,10,0.28109,30,30,20,30,0,0,1,10,early_stop,yes,,runs/pilot_yolov9m_seed1,archive/phase1/pilot_2026-07-31/runs_31_07/runs/benchmark/runs/ship_yolov9m_seed1,,8.4.90,2.12.1+cu126,unknown,runs/derived/data_vis_stride2.yaml,0,
pilot_yolov9m_seed2,pilot,yolov9m,2,server_wiped,server_wiped,31,640,100,20,0.8143053201433774,0.60380932058694,0.6330307285945154,0.2962194231012683,20.22,77.9,20795.2,11,0.2947,31,31,20,31,0,0,1,11,early_stop,yes,,runs/pilot_yolov9m_seed2,archive/phase1/pilot_2026-07-31/runs_31_07/runs/benchmark/runs/ship_yolov9m_seed2,,8.4.90,2.12.1+cu126,unknown,runs/derived/data_vis_stride2.yaml,0,
pilot_yolov9c_seed0,pilot,yolov9c,0,server_wiped,server_wiped,31,640,100,20,0.834693723277433,0.598183559124392,0.6384633408436724,0.2953210543408979,25.59,104.0,21416.4,9,0.29319,29,29,20,29,0,0,1,9,early_stop,yes,,runs/pilot_yolov9c_seed0,archive/phase1/pilot_2026-07-31/runs_31_07/runs/benchmark/runs/ship_yolov9c_seed0,,8.4.90,2.12.1+cu126,unknown,runs/derived/data_vis_stride2.yaml,0,
pilot_yolov9c_seed1,pilot,yolov9c,1,server_wiped,server_wiped,31,640,100,20,0.8295621866054438,0.6019851916458888,0.631751435554321,0.30549832922441456,25.59,104.0,25713.4,15,0.30311,35,35,20,35,0,0,1,15,early_stop,yes,,runs/pilot_yolov9c_seed1,archive/phase1/pilot_2026-07-31/runs_31_07/runs/benchmark/runs/ship_yolov9c_seed1,,8.4.90,2.12.1+cu126,unknown,runs/derived/data_vis_stride2.yaml,0,
pilot_yolov9c_seed2,pilot,yolov9c,2,server_wiped,server_wiped,31,640,100,20,0.8112748491542291,0.5960125520235872,0.6178748108177792,0.3049720435780637,25.59,104.0,26685.2,16,0.30277,36,36,20,36,0,0,1,16,early_stop,yes,,runs/pilot_yolov9c_seed2,archive/phase1/pilot_2026-07-31/runs_31_07/runs/benchmark/runs/ship_yolov9c_seed2,,8.4.90,2.12.1+cu126,unknown,runs/derived/data_vis_stride2.yaml,0,
pilot_yolov9e_seed0,pilot,yolov9e,0,server_wiped,server_wiped,31,640,100,20,0.8131608961815759,0.5960904234763982,0.6400669303309826,0.3103185186337751,58.21,193.0,41760.8,7,0.3081,27,27,20,27,0,0,1,7,early_stop,yes,,runs/pilot_yolov9e_seed0,archive/phase1/pilot_2026-07-31/runs_31_07/runs/benchmark/runs/ship_yolov9e_seed0,,8.4.90,2.12.1+cu126,unknown,runs/derived/data_vis_stride2.yaml,0,
pilot_yolov9e_seed1,pilot,yolov9e,1,server_wiped,server_wiped,31,640,100,20,0.8089075122111291,0.5927323404214977,0.621202301841342,0.29728040519282367,58.21,193.0,48137.9,12,0.29586,32,32,20,32,0,0,1,12,early_stop,yes,,runs/pilot_yolov9e_seed1,archive/phase1/pilot_2026-07-31/runs_31_07/runs/benchmark/runs/ship_yolov9e_seed1,,8.4.90,2.12.1+cu126,unknown,runs/derived/data_vis_stride2.yaml,0,
pilot_yolov9e_seed2,pilot,yolov9e,2,server_wiped,server_wiped,31,640,100,20,0.8115892864682855,0.6045638551018667,0.6343627599903607,0.3022031164943098,58.21,193.0,40360.5,6,0.29962,26,26,20,26,0,0,1,6,early_stop,yes,,runs/pilot_yolov9e_seed2,archive/phase1/pilot_2026-07-31/runs_31_07/runs/benchmark/runs/ship_yolov9e_seed2,,8.4.90,2.12.1+cu126,unknown,runs/derived/data_vis_stride2.yaml,0,
pilot_yolov10n_seed0,pilot,yolov10n,0,server_wiped,server_wiped,31,640,100,20,0.7742711275684129,0.5397110479471825,0.5822047310136553,0.2529210102841104,2.78,8.7,12172.7,13,0.25247,33,33,20,33,0,0,1,13,early_stop,yes,,runs/pilot_yolov10n_seed0,archive/phase1/pilot_2026-07-31/runs_31_07/runs/benchmark/runs/ship_yolov10n_seed0,,8.4.90,2.12.1+cu126,unknown,runs/derived/data_vis_stride2.yaml,0,
pilot_yolov10n_seed1,pilot,yolov10n,1,server_wiped,server_wiped,31,640,100,20,0.7887835572427382,0.5265877266995952,0.5751379837524245,0.25663619773441637,2.78,8.7,17291.8,27,0.2563,47,47,20,47,0,0,1,27,early_stop,yes,,runs/pilot_yolov10n_seed1,archive/phase1/pilot_2026-07-31/runs_31_07/runs/benchmark/runs/ship_yolov10n_seed1,,8.4.90,2.12.1+cu126,unknown,runs/derived/data_vis_stride2.yaml,0,
pilot_yolov10n_seed2,pilot,yolov10n,2,server_wiped,server_wiped,31,640,100,20,0.7940568582276724,0.5306850104856546,0.5770040347690706,0.2606070222236256,2.78,8.7,13146.9,16,0.2602,36,36,20,36,0,0,1,16,early_stop,yes,,runs/pilot_yolov10n_seed2,archive/phase1/pilot_2026-07-31/runs_31_07/runs/benchmark/runs/ship_yolov10n_seed2,,8.4.90,2.12.1+cu126,unknown,runs/derived/data_vis_stride2.yaml,0,
pilot_yolov10s_seed0,pilot,yolov10s,0,server_wiped,server_wiped,31,640,100,20,0.7944650978438464,0.5690124287786426,0.6003825085151775,0.28174088269922093,8.13,25.1,15091.9,15,0.28152,35,35,20,35,0,0,1,15,early_stop,yes,,runs/pilot_yolov10s_seed0,archive/phase1/pilot_2026-07-31/runs_31_07/runs/benchmark/runs/ship_yolov10s_seed0,,8.4.90,2.12.1+cu126,unknown,runs/derived/data_vis_stride2.yaml,0,
pilot_yolov10s_seed1,pilot,yolov10s,1,server_wiped,server_wiped,31,640,100,20,0.7951897755465466,0.5575222077909766,0.5973655357646903,0.2792667912407167,8.13,25.1,14662.0,14,0.27845,34,34,20,34,0,0,1,14,early_stop,yes,,runs/pilot_yolov10s_seed1,archive/phase1/pilot_2026-07-31/runs_31_07/runs/benchmark/runs/ship_yolov10s_seed1,,8.4.90,2.12.1+cu126,unknown,runs/derived/data_vis_stride2.yaml,0,
pilot_yolov10s_seed2,pilot,yolov10s,2,server_wiped,server_wiped,31,640,100,20,0.8062080617096049,0.5570509260689496,0.599052176689295,0.2816987861214605,8.13,25.1,15076.4,15,0.2813,35,35,20,35,0,0,1,15,early_stop,yes,,runs/pilot_yolov10s_seed2,archive/phase1/pilot_2026-07-31/runs_31_07/runs/benchmark/runs/ship_yolov10s_seed2,,8.4.90,2.12.1+cu126,unknown,runs/derived/data_vis_stride2.yaml,0,
pilot_yolov10m_seed0,pilot,yolov10m,0,server_wiped,server_wiped,31,640,100,20,0.8147489336180546,0.5871555707063224,0.6218661123672398,0.29793752103565196,16.58,64.5,34357.7,39,0.29761,59,59,20,59,0,0,1,39,early_stop,yes,,runs/pilot_yolov10m_seed0,archive/phase1/pilot_2026-07-31/runs_31_07/runs/benchmark/runs/ship_yolov10m_seed0,,8.4.90,2.12.1+cu126,unknown,runs/derived/data_vis_stride2.yaml,0,
pilot_yolov10m_seed1,pilot,yolov10m,1,server_wiped,server_wiped,31,640,100,20,0.7876004194131002,0.5940016475592937,0.6299122597523197,0.29570510633397357,16.58,64.5,17844.3,10,0.2954,30,30,20,30,0,0,1,10,early_stop,yes,,runs/pilot_yolov10m_seed1,archive/phase1/pilot_2026-07-31/runs_31_07/runs/benchmark/runs/ship_yolov10m_seed1,,8.4.90,2.12.1+cu126,unknown,runs/derived/data_vis_stride2.yaml,0,
pilot_yolov10m_seed2,pilot,yolov10m,2,server_wiped,server_wiped,31,640,100,20,0.8133680111360907,0.5993829384957335,0.633276519122882,0.29361499382386824,16.58,64.5,19904.4,13,0.29317,33,33,20,33,0,0,1,13,early_stop,yes,,runs/pilot_yolov10m_seed2,archive/phase1/pilot_2026-07-31/runs_31_07/runs/benchmark/runs/ship_yolov10m_seed2,,8.4.90,2.12.1+cu126,unknown,runs/derived/data_vis_stride2.yaml,0,
pilot_yolov10b_seed0,pilot,yolov10b,0,server_wiped,server_wiped,31,640,100,20,0.8254837955559974,0.5816402954086518,0.620530747670893,0.2946668591828189,20.57,99.4,18762.1,8,0.29434,28,28,20,28,0,0,1,8,early_stop,yes,,runs/pilot_yolov10b_seed0,archive/phase1/pilot_2026-07-31/runs_31_07/runs/benchmark/runs/ship_yolov10b_seed0,,8.4.90,2.12.1+cu126,unknown,runs/derived/data_vis_stride2.yaml,0,
pilot_yolov10b_seed1,pilot,yolov10b,1,server_wiped,server_wiped,31,640,100,20,0.8245916474021553,0.5754875285596458,0.6229801945222064,0.28896285879340977,20.57,99.4,20129.1,10,0.28868,30,30,20,30,0,0,1,10,early_stop,yes,,runs/pilot_yolov10b_seed1,archive/phase1/pilot_2026-07-31/runs_31_07/runs/benchmark/runs/ship_yolov10b_seed1,,8.4.90,2.12.1+cu126,unknown,runs/derived/data_vis_stride2.yaml,0,
pilot_yolov10b_seed2,pilot,yolov10b,2,server_wiped,server_wiped,31,640,100,20,0.8359009097081911,0.5693537224713455,0.6066030968460581,0.3007900919200395,20.57,99.4,24107.3,16,0.30002,36,36,20,36,0,0,1,16,early_stop,yes,,runs/pilot_yolov10b_seed2,archive/phase1/pilot_2026-07-31/runs_31_07/runs/benchmark/runs/ship_yolov10b_seed2,,8.4.90,2.12.1+cu126,unknown,runs/derived/data_vis_stride2.yaml,0,
pilot_yolov10l_seed0,pilot,yolov10l,0,server_wiped,server_wiped,31,640,100,20,0.8269264815541771,0.5858685450460273,0.6270082870220969,0.30052833983862015,25.89,127.9,24620.9,11,0.30025,31,31,20,31,0,0,1,11,early_stop,yes,,runs/pilot_yolov10l_seed0,archive/phase1/pilot_2026-07-31/runs_31_07/runs/benchmark/runs/ship_yolov10l_seed0,,8.4.90,2.12.1+cu126,unknown,runs/derived/data_vis_stride2.yaml,0,
pilot_yolov10l_seed1,pilot,yolov10l,1,server_wiped,server_wiped,31,640,100,20,0.804274929507571,0.5871957982954276,0.6320965671602592,0.29017979034810426,25.89,127.9,19863.4,5,0.2898,25,25,20,25,0,0,1,5,early_stop,yes,,runs/pilot_yolov10l_seed1,archive/phase1/pilot_2026-07-31/runs_31_07/runs/benchmark/runs/ship_yolov10l_seed1,,8.4.90,2.12.1+cu126,unknown,runs/derived/data_vis_stride2.yaml,0,
pilot_yolov10l_seed2,pilot,yolov10l,2,server_wiped,server_wiped,31,640,100,20,0.826699365256322,0.6034297231340962,0.6476503546032335,0.3031001056767014,25.89,127.9,22089.1,8,0.30276,28,28,20,28,0,0,1,8,early_stop,yes,,runs/pilot_yolov10l_seed2,archive/phase1/pilot_2026-07-31/runs_31_07/runs/benchmark/runs/ship_yolov10l_seed2,,8.4.90,2.12.1+cu126,unknown,runs/derived/data_vis_stride2.yaml,0,
pilot_yolov10x_seed0,pilot,yolov10x,0,server_wiped,server_wiped,31,640,100,20,0.8201228209172924,0.5894521288194082,0.6336071384101292,0.2995271195047057,31.81,171.8,25868.3,6,0.29911,26,26,20,26,0,0,1,6,early_stop,yes,,runs/pilot_yolov10x_seed0,archive/phase1/pilot_2026-07-31/runs_31_07/runs/benchmark/runs/ship_yolov10x_seed0,,8.4.90,2.12.1+cu126,unknown,runs/derived/data_vis_stride2.yaml,0,
pilot_yolov10x_seed1,pilot,yolov10x,1,server_wiped,server_wiped,31,640,100,20,0.7964671148692578,0.5864195968477269,0.6090347329861419,0.294005823247849,31.81,171.8,38400.6,19,0.2936,39,39,20,39,0,0,1,19,early_stop,yes,,runs/pilot_yolov10x_seed1,archive/phase1/pilot_2026-07-31/runs_31_07/runs/benchmark/runs/ship_yolov10x_seed1,,8.4.90,2.12.1+cu126,unknown,runs/derived/data_vis_stride2.yaml,0,
pilot_yolov10x_seed2,pilot,yolov10x,2,server_wiped,server_wiped,31,640,100,20,0.8186885874257696,0.5915852143988016,0.6328774704738878,0.3010893675906062,31.81,171.8,26545.1,7,0.30073,27,27,20,27,0,0,1,7,early_stop,yes,,runs/pilot_yolov10x_seed2,archive/phase1/pilot_2026-07-31/runs_31_07/runs/benchmark/runs/ship_yolov10x_seed2,,8.4.90,2.12.1+cu126,unknown,runs/derived/data_vis_stride2.yaml,0,
pilot_yolo11n_seed0,pilot,yolo11n,0,server_wiped,server_wiped,31,640,100,20,0.794941744700069,0.5475488476597681,0.5828956144900994,0.24865178610094127,2.62,6.6,13737.7,25,0.24741,45,45,20,45,0,0,1,25,early_stop,yes,,runs/pilot_yolo11n_seed0,archive/phase1/pilot_2026-07-31/runs_31_07/runs/benchmark/runs/ship_yolo11n_seed0,,8.4.90,2.12.1+cu126,unknown,runs/derived/data_vis_stride2.yaml,0,
pilot_yolo11n_seed1,pilot,yolo11n,1,server_wiped,server_wiped,31,640,100,20,0.7852626880052301,0.5499568642693945,0.5869312156903178,0.2514261505708125,2.62,6.6,13756.7,25,0.25012,45,45,20,45,0,0,1,25,early_stop,yes,,runs/pilot_yolo11n_seed1,archive/phase1/pilot_2026-07-31/runs_31_07/runs/benchmark/runs/ship_yolo11n_seed1,,8.4.90,2.12.1+cu126,unknown,runs/derived/data_vis_stride2.yaml,0,
pilot_yolo11n_seed2,pilot,yolo11n,2,server_wiped,server_wiped,31,640,100,20,0.7754472617025362,0.5259999431177179,0.5631116405393422,0.2458435404310629,2.62,6.6,11695.6,18,0.24457,38,38,20,38,0,0,1,18,early_stop,yes,,runs/pilot_yolo11n_seed2,archive/phase1/pilot_2026-07-31/runs_31_07/runs/benchmark/runs/ship_yolo11n_seed2,,8.4.90,2.12.1+cu126,unknown,runs/derived/data_vis_stride2.yaml,0,
pilot_yolo11s_seed0,pilot,yolo11s,0,server_wiped,server_wiped,31,640,100,20,0.807563731302652,0.589728000565764,0.6287223388126105,0.2995784806853173,9.46,21.7,10952.4,11,0.29662,31,31,20,31,0,0,1,11,early_stop,yes,,runs/pilot_yolo11s_seed0,archive/phase1/pilot_2026-07-31/runs_31_07/runs/benchmark/runs/ship_yolo11s_seed0,,8.4.90,2.12.1+cu126,unknown,runs/derived/data_vis_stride2.yaml,0,
pilot_yolo11s_seed1,pilot,yolo11s,1,server_wiped,server_wiped,31,640,100,20,0.8363989819803294,0.5718660232648534,0.6147875389423038,0.2824634456596916,9.46,21.7,10306.2,9,0.2808,29,29,20,29,0,0,1,9,early_stop,yes,,runs/pilot_yolo11s_seed1,archive/phase1/pilot_2026-07-31/runs_31_07/runs/benchmark/runs/ship_yolo11s_seed1,,8.4.90,2.12.1+cu126,unknown,runs/derived/data_vis_stride2.yaml,0,
pilot_yolo11s_seed2,pilot,yolo11s,2,server_wiped,server_wiped,31,640,100,20,0.8293734523110633,0.5732596391767237,0.6123354799921987,0.290637614017438,9.46,21.7,12663.6,16,0.28907,36,36,20,36,0,0,1,16,early_stop,yes,,runs/pilot_yolo11s_seed2,archive/phase1/pilot_2026-07-31/runs_31_07/runs/benchmark/runs/ship_yolo11s_seed2,,8.4.90,2.12.1+cu126,unknown,runs/derived/data_vis_stride2.yaml,0,
pilot_yolo11m_seed0,pilot,yolo11m,0,server_wiped,server_wiped,31,640,100,20,0.8171878505359037,0.5896986187085825,0.6168244592812433,0.29719711587381525,20.11,68.5,17051.1,13,0.29449,33,33,20,33,0,0,1,13,early_stop,yes,,runs/pilot_yolo11m_seed0,archive/phase1/pilot_2026-07-31/runs_31_07/runs/benchmark/runs/ship_yolo11m_seed0,,8.4.90,2.12.1+cu126,unknown,runs/derived/data_vis_stride2.yaml,0,
pilot_yolo11m_seed1,pilot,yolo11m,1,server_wiped,server_wiped,31,640,100,20,0.8117525740599532,0.5899261478370512,0.6178479558851524,0.30248771310216815,20.11,68.5,17624.6,14,0.30044,34,34,20,34,0,0,1,14,early_stop,yes,,runs/pilot_yolo11m_seed1,archive/phase1/pilot_2026-07-31/runs_31_07/runs/benchmark/runs/ship_yolo11m_seed1,,8.4.90,2.12.1+cu126,unknown,runs/derived/data_vis_stride2.yaml,0,
pilot_yolo11m_seed2,pilot,yolo11m,2,server_wiped,server_wiped,31,640,100,20,0.8165112097446864,0.5899545889781098,0.6171873419933973,0.29331083899347293,20.11,68.5,19063.3,17,0.2909,37,37,20,37,0,0,1,17,early_stop,yes,,runs/pilot_yolo11m_seed2,archive/phase1/pilot_2026-07-31/runs_31_07/runs/benchmark/runs/ship_yolo11m_seed2,,8.4.90,2.12.1+cu126,unknown,runs/derived/data_vis_stride2.yaml,0,
pilot_yolo11l_seed0,pilot,yolo11l,0,server_wiped,server_wiped,31,640,100,20,0.8221507452727191,0.5989704306936794,0.6278416105613405,0.3018848873903168,25.37,87.6,23623.0,13,0.30032,33,33,20,33,0,0,1,13,early_stop,yes,,runs/pilot_yolo11l_seed0,archive/phase1/pilot_2026-07-31/runs_31_07/runs/benchmark/runs/ship_yolo11l_seed0,,8.4.90,2.12.1+cu126,unknown,runs/derived/data_vis_stride2.yaml,0,
pilot_yolo11l_seed1,pilot,yolo11l,1,server_wiped,server_wiped,31,640,100,20,0.8113450409404882,0.5924005271091476,0.6126412098538858,0.2946013605154119,25.37,87.6,44396.3,43,0.29291,63,63,20,63,0,0,1,43,early_stop,yes,,runs/pilot_yolo11l_seed1,archive/phase1/pilot_2026-07-31/runs_31_07/runs/benchmark/runs/ship_yolo11l_seed1,,8.4.90,2.12.1+cu126,unknown,runs/derived/data_vis_stride2.yaml,0,
pilot_yolo11l_seed2,pilot,yolo11l,2,server_wiped,server_wiped,31,640,100,20,0.810517787552539,0.6080067570880413,0.6282745617232525,0.3016438761661477,25.37,87.6,24366.9,14,0.29957,34,34,20,34,0,0,1,14,early_stop,yes,,runs/pilot_yolo11l_seed2,archive/phase1/pilot_2026-07-31/runs_31_07/runs/benchmark/runs/ship_yolo11l_seed2,,8.4.90,2.12.1+cu126,unknown,runs/derived/data_vis_stride2.yaml,0,
pilot_yolo11x_seed0,pilot,yolo11x,0,server_wiped,server_wiped,31,640,100,20,0.7965483675640753,0.5874328078042491,0.6117945103796134,0.299480153722042,56.97,196.0,30702.0,14,0.29788,34,34,20,34,0,0,1,14,early_stop,yes,,runs/pilot_yolo11x_seed0,archive/phase1/pilot_2026-07-31/runs_31_07/runs/benchmark/runs/ship_yolo11x_seed0,,8.4.90,2.12.1+cu126,unknown,runs/derived/data_vis_stride2.yaml,0,
pilot_yolo11x_seed1,pilot,yolo11x,1,server_wiped,server_wiped,31,640,100,20,0.8052029742260232,0.6097306623941753,0.6357224921231013,0.2949597826443973,56.97,196.0,27225.9,10,0.29358,30,30,20,30,0,0,1,10,early_stop,yes,,runs/pilot_yolo11x_seed1,archive/phase1/pilot_2026-07-31/runs_31_07/runs/benchmark/runs/ship_yolo11x_seed1,,8.4.90,2.12.1+cu126,unknown,runs/derived/data_vis_stride2.yaml,0,
pilot_yolo11x_seed2,pilot,yolo11x,2,server_wiped,server_wiped,31,640,100,20,0.7879185626966282,0.6020363699269755,0.6314419583336458,0.29684566174257343,56.97,196.0,23655.8,6,0.29447,26,26,20,26,0,0,1,6,early_stop,yes,,runs/pilot_yolo11x_seed2,archive/phase1/pilot_2026-07-31/runs_31_07/runs/benchmark/runs/ship_yolo11x_seed2,,8.4.90,2.12.1+cu126,unknown,runs/derived/data_vis_stride2.yaml,0,
pilot_yolo12n_seed0,pilot,yolo12n,0,server_wiped,server_wiped,31,640,100,20,0.773784364908849,0.5408367383699434,0.5762299071677888,0.2561844338882094,2.6,6.7,15063.4,19,0.25484,39,39,20,39,0,0,1,19,early_stop,yes,,runs/pilot_yolo12n_seed0,archive/phase1/pilot_2026-07-31/runs_31_07/runs/benchmark/runs/ship_yolo12n_seed0,,8.4.90,2.12.1+cu126,unknown,runs/derived/data_vis_stride2.yaml,0,
pilot_yolo12n_seed1,pilot,yolo12n,1,server_wiped,server_wiped,31,640,100,20,0.778720719718333,0.5310408839310049,0.5651145560183335,0.24928466952969447,2.6,6.7,15415.5,20,0.24802,40,40,20,40,0,0,1,20,early_stop,yes,,runs/pilot_yolo12n_seed1,archive/phase1/pilot_2026-07-31/runs_31_07/runs/benchmark/runs/ship_yolo12n_seed1,,8.4.90,2.12.1+cu126,unknown,runs/derived/data_vis_stride2.yaml,0,
pilot_yolo12n_seed2,pilot,yolo12n,2,server_wiped,server_wiped,31,640,100,20,0.8091823083275266,0.5575506489320351,0.5989158581733587,0.262617055061004,2.6,6.7,14996.5,19,0.26101,39,39,20,39,0,0,1,19,early_stop,yes,,runs/pilot_yolo12n_seed2,archive/phase1/pilot_2026-07-31/runs_31_07/runs/benchmark/runs/ship_yolo12n_seed2,,8.4.90,2.12.1+cu126,unknown,runs/derived/data_vis_stride2.yaml,0,
main_yolo12s_seed0,main,yolo12s,0,server,server,32,640,100,20,0.7952934758639396,0.5571870103990489,0.5939832975366683,0.27197553192254453,9.29,21.7,12021.2,11,0.27033,31,31,20,31,0,0,1,11,early_stop,yes,,runs/main_yolo12s_seed0,archive/phase1/main_2026-08-10/runs/benchmark/runs/ship_yolo12s_seed0,,8.4.90,2.12.1+cu126,unknown,runs/derived/data_vis_stride2.yaml,0,
main_yolo12s_seed1,main,yolo12s,1,server,server,32,640,100,20,0.8196474499760944,0.5727321166910884,0.6198750200966767,0.2908868669509659,9.29,21.7,14839.4,18,0.28857,38,38,20,38,0,0,1,18,early_stop,yes,,runs/main_yolo12s_seed1,archive/phase1/main_2026-08-10/runs/benchmark/runs/ship_yolo12s_seed1,,8.4.90,2.12.1+cu126,unknown,runs/derived/data_vis_stride2.yaml,0,
main_yolo12s_seed2,main,yolo12s,2,server,server,32,640,100,20,0.7965654049137858,0.5652438676283088,0.5977031130098047,0.2718880997671803,9.29,21.7,12562.8,12,0.27045,32,32,20,32,0,0,1,12,early_stop,yes,,runs/main_yolo12s_seed2,archive/phase1/main_2026-08-10/runs/benchmark/runs/ship_yolo12s_seed2,,8.4.90,2.12.1+cu126,unknown,runs/derived/data_vis_stride2.yaml,0,
main_yolo12m_seed0,main,yolo12m,0,server,server,32,640,100,20,0.8221933164763112,0.5805058136215723,0.6110484930189077,0.29218688951751004,20.2,68.1,27000.8,26,0.29008,46,46,20,46,0,0,1,26,early_stop,yes,,runs/main_yolo12m_seed0,archive/phase1/main_2026-08-10/runs/benchmark/runs/ship_yolo12m_seed0,,8.4.90,2.12.1+cu126,unknown,runs/derived/data_vis_stride2.yaml,0,
main_yolo12m_seed1,main,yolo12m,1,server,server,32,640,100,20,0.8079481465781966,0.6008297018021276,0.6187242601501454,0.29424128941266686,20.2,68.1,35674.0,41,0.29197,61,61,20,61,0,0,1,41,early_stop,yes,,runs/main_yolo12m_seed1,archive/phase1/main_2026-08-10/runs/benchmark/runs/ship_yolo12m_seed1,,8.4.90,2.12.1+cu126,unknown,runs/derived/data_vis_stride2.yaml,0,
main_yolo12m_seed2,main,yolo12m,2,server,server,32,640,100,20,0.7930609512530928,0.5786908205324738,0.6000148877371564,0.2854709753441349,20.2,68.1,26457.1,25,0.28362,45,45,20,45,0,0,1,25,early_stop,yes,,runs/main_yolo12m_seed2,archive/phase1/main_2026-08-10/runs/benchmark/runs/ship_yolo12m_seed2,,8.4.90,2.12.1+cu126,unknown,runs/derived/data_vis_stride2.yaml,0,
main_yolo12l_seed0,main,yolo12l,0,server,server,32,640,100,20,0.8067281847857017,0.5746541323336315,0.6034640712294499,0.27996792808242205,26.45,89.7,31965.4,14,0.27793,34,34,20,34,0,0,1,14,early_stop,yes,,runs/main_yolo12l_seed0,archive/phase1/main_2026-08-10/runs/benchmark/runs/ship_yolo12l_seed0,,8.4.90,2.12.1+cu126,unknown,runs/derived/data_vis_stride2.yaml,0,
main_yolo12l_seed1,main,yolo12l,1,server,server,32,640,100,20,0.8397151338518779,0.5714571162153419,0.6079461732385949,0.2830309102736517,26.45,89.7,46391.6,30,0.28081,50,50,20,50,0,0,1,30,early_stop,yes,,runs/main_yolo12l_seed1,archive/phase1/main_2026-08-10/runs/benchmark/runs/ship_yolo12l_seed1,,8.4.90,2.12.1+cu126,unknown,runs/derived/data_vis_stride2.yaml,0,
main_yolo12l_seed2,main,yolo12l,2,server,server,32,640,100,20,0.8378452404106141,0.6067955622371501,0.6412061520638304,0.29788026429375875,26.45,89.7,32885.5,14,0.2955,34,34,20,34,0,0,1,14,early_stop,yes,,runs/main_yolo12l_seed2,archive/phase1/main_2026-08-10/runs/benchmark/runs/ship_yolo12l_seed2,,8.4.90,2.12.1+cu126,unknown,runs/derived/data_vis_stride2.yaml,0,
main_yolo12x_seed0,main,yolo12x,0,server,laptop,8,640,100,20,0.8149752291959181,0.5972235437401283,0.6261581759232885,0.30414263404082664,59.22,200.3,85412.9,9,0.30152,29,29,20,29,10,9,,,shared_dir_past_patience,yes,,runs/main_yolo12x_seed0,archive/phase1/main_2026-08-10/runs/benchmark/runs/_partial_ship_yolo12x_seed0/ship_yolo12x_seed0,,8.4.90,2.7.1+cu118,70dc15f,runs/derived/data_vis_stride2.yaml,0,shared run dir; row re-validated on the laptop from the inner dir
main_yolo12x_seed1,main,yolo12x,1,server,server,8,640,100,20,0.8082809966106911,0.5884317494148319,0.6221181742928072,0.2954792035161999,59.22,200.3,92469.4,22,0.2943,36,35,14,42,0,11,,,shared_dir_before_patience,no,trained only 14 epochs past its peak (< patience 20),runs/main_yolo12x_seed1,archive/phase1/main_2026-08-10/runs/benchmark/runs/ship_yolo12x_seed1,,8.4.90,2.12.1+cu126,unknown,runs/derived/data_vis_stride2.yaml,0,shared run dir; killed before patience — excluded from Table 1
main_yolo12x_seed2,main,yolo12x,2,server,server,24,640,100,20,0.8077280039651394,0.5962244762031628,0.6377675681212731,0.29719297000083117,59.22,200.3,31362.1,4,0.295,24,24,20,24,0,0,1,4,early_stop,yes,,runs/main_yolo12x_seed2,archive/phase1/main_2026-08-10/runs/benchmark/runs/ship_yolo12x_seed2,,8.4.90,2.12.1+cu126,unknown,runs/derived/data_vis_stride2.yaml,0,
main_yolo26n_seed0,main,yolo26n,0,server,server,24,640,100,20,0.7788034820503403,0.5317988924622733,0.5703787274014378,0.24734158696352232,2.57,6.1,12175.0,16,0.24701,36,36,20,36,0,0,1,16,early_stop,yes,,runs/main_yolo26n_seed0,archive/phase1/main_2026-08-10/runs/benchmark/runs/ship_yolo26n_seed0,,8.4.90,2.12.1+cu126,unknown,runs/derived/data_vis_stride2.yaml,0,
main_yolo26n_seed1,main,yolo26n,1,server,server,24,640,100,20,0.7824532659025856,0.5645397628879713,0.60034651325953,0.25801879785206683,2.57,6.1,14451.6,23,0.25775,43,43,20,43,0,0,1,23,early_stop,yes,,runs/main_yolo26n_seed1,archive/phase1/main_2026-08-10/runs/benchmark/runs/ship_yolo26n_seed1,,8.4.90,2.12.1+cu126,unknown,runs/derived/data_vis_stride2.yaml,0,
main_yolo26n_seed2,main,yolo26n,2,server,server,24,640,100,20,0.8001839722312767,0.5396106491084511,0.5927548386154502,0.2565571248991152,2.57,6.1,12336.2,16,0.25651,36,36,20,36,0,0,1,16,early_stop,yes,,runs/main_yolo26n_seed2,archive/phase1/main_2026-08-10/runs/benchmark/runs/ship_yolo26n_seed2,,8.4.90,2.12.1+cu126,unknown,runs/derived/data_vis_stride2.yaml,0,
main_yolo26s_seed0,main,yolo26s,0,server,server,24,640,100,20,0.8029295237235466,0.5787740965574987,0.6234902117732768,0.28635455198869775,10.01,22.8,10761.9,11,0.28608,31,31,20,31,0,0,1,11,early_stop,yes,,runs/main_yolo26s_seed0,archive/phase1/main_2026-08-10/runs/benchmark/runs/ship_yolo26s_seed0,,8.4.90,2.12.1+cu126,unknown,runs/derived/data_vis_stride2.yaml,0,
main_yolo26s_seed1,main,yolo26s,1,server,server,24,640,100,20,0.797065330309197,0.5524558031551504,0.5876570643226344,0.277800392268745,10.01,22.8,10720.1,11,0.27735,31,31,20,31,0,0,1,11,early_stop,yes,,runs/main_yolo26s_seed1,archive/phase1/main_2026-08-10/runs/benchmark/runs/ship_yolo26s_seed1,,8.4.90,2.12.1+cu126,unknown,runs/derived/data_vis_stride2.yaml,0,
main_yolo26s_seed2,main,yolo26s,2,server,server,24,640,100,20,0.8133878423807193,0.579154693714438,0.6093906263211779,0.2797088712138723,10.01,22.8,14358.3,22,0.27936,42,42,20,42,0,0,1,22,early_stop,yes,,runs/main_yolo26s_seed2,archive/phase1/main_2026-08-10/runs/benchmark/runs/ship_yolo26s_seed2,,8.4.90,2.12.1+cu126,unknown,runs/derived/data_vis_stride2.yaml,0,
main_yolo26m_seed0,main,yolo26m,0,laptop,laptop,8,640,100,20,0.8226000597267928,0.6021571253295095,0.6457655219925544,0.3060718793673706,21.9,75.4,39643.9,9,0.34474,29,29,20,29,0,0,1,9,early_stop,yes,,runs/main_yolo26m_seed0,runs/benchmark/runs/ship_yolo26m_seed0,,8.4.7+val8.4.90,2.7.1+cu118,6e24167,runs/derived/data_vis_stride2.yaml,0,"trained under ultralytics 8.4.7, re-scored under 8.4.90"
main_yolo26m_seed1,main,yolo26m,1,laptop,laptop,8,640,100,20,0.8045947357501821,0.6028377351191145,0.6390293319909701,0.29626275764284027,21.9,75.4,32740.9,6,0.29586,26,26,20,26,0,0,1,6,early_stop,yes,,runs/main_yolo26m_seed1,runs/benchmark/runs/ship_yolo26m_seed1,,8.4.90,2.7.1+cu118,6e24167,runs/derived/data_vis_stride2.yaml,0,
main_yolo26m_seed2,main,yolo26m,2,laptop,laptop,8,640,100,20,0.8204099860735312,0.5930084302270262,0.6392516868237776,0.30243830430547636,21.9,75.4,39677.0,10,0.30201,33,33,23,30,0,0,5,33,killed_past_patience,yes,,runs/main_yolo26m_seed2,runs/benchmark/runs/ship_yolo26m_seed2,,8.4.90,2.7.1+cu118,70dc15f,runs/derived/data_vis_stride2.yaml,0,
main_yolo26l_seed0,main,yolo26l,0,laptop,laptop,8,640,100,20,0.8378607706017169,0.5955394013206722,0.6330438969387754,0.3025253330994082,26.3,93.8,40250.2,8,0.30229,28,28,20,28,0,0,1,8,early_stop,yes,,runs/main_yolo26l_seed0,runs/benchmark/runs/ship_yolo26l_seed0,,8.4.90,2.7.1+cu118,6dcb7d0,runs/derived/data_vis_stride2.yaml,0,
main_yolo26l_seed1,main,yolo26l,1,laptop,laptop,8,640,100,20,0.8281917094861595,0.6118860492112124,0.6423965033400705,0.29742556021251365,26.3,93.8,32814.9,8,0.2971,28,28,20,28,0,0,2,8,early_stop_after_resume,yes,,runs/main_yolo26l_seed1,runs/benchmark/runs/ship_yolo26l_seed1,,8.4.90,2.7.1+cu118,6dcb7d0,runs/derived/data_vis_stride2.yaml,0,
main_yolo26l_seed2,main,yolo26l,2,laptop,laptop,8,640,100,20,0.8366754344516903,0.5967101564179027,0.6497136834344124,0.29946661869935765,26.3,93.8,37533.0,6,0.2991,26,26,20,26,0,0,2,19,killed_past_patience,yes,,runs/main_yolo26l_seed2,runs/benchmark/runs/ship_yolo26l_seed2,,8.4.90,2.7.1+cu118,70dc15f,runs/derived/data_vis_stride2.yaml,0,
main_yolo26x_seed0,main,yolo26x,0,laptop,laptop,8,640,100,20,0.8290718870145066,0.5964147747816324,0.6380100422748368,0.30478508218139655,58.99,209.5,58239.5,8,0.30406,28,28,20,28,0,0,1,8,early_stop,yes,,runs/main_yolo26x_seed0,runs/benchmark/runs/ship_yolo26x_seed0,,8.4.90,2.7.1+cu118,727adb4,runs/derived/data_vis_stride2.yaml,0,
main_yolo26x_seed1,main,yolo26x,1,laptop,laptop,8,640,100,20,0.8313828266460995,0.5954356819910247,0.6361904904530135,0.3068960387534308,58.99,209.5,70877.5,12,0.307,32,32,20,32,0,0,1,12,early_stop,yes,,runs/main_yolo26x_seed1,runs/benchmark/runs/ship_yolo26x_seed1,,8.4.90,2.7.1+cu118,727adb4,runs/derived/data_vis_stride2.yaml,0,
main_yolo26x_seed2,main,yolo26x,2,laptop,laptop,8,640,100,20,0.8303171738137617,0.5845496584140516,0.619214766617217,0.30294113283536556,58.99,209.5,84996.8,30,0.3027,50,50,20,50,0,0,3,30,early_stop_after_resume,yes,,runs/main_yolo26x_seed2,runs/benchmark/runs/ship_yolo26x_seed2,,8.4.90,2.7.1+cu118,70dc15f,runs/derived/data_vis_stride2.yaml,0,
